<?xml version="1.0" encoding ="utf-8"?>
<swc xmlns="http://www.adobe.com/flash/swccatalog/9">
  <versions>
    <swc version="1.2" />
    <flex version="4.6.0" build="23201" minimumSupportedVersion="3.0.0" />
  </versions>
  <features>
    <feature-script-deps />
    <feature-files />
  </features>
  <libraries>
    <library path="library.swf">
      <script name="com/mbxdigital/ane/TorchControl/events/TorchControlEvent" mod="1459938244000" signatureChecksum="827282843" >
        <def id="com.mbxdigital.ane.TorchControl.events:TorchControlEvent" /> 
        <dep id="AS3" type="n" /> 
        <dep id="flash.events:Event" type="i" /> 
      </script>
      <script name="_531c316e7609249e3be05860e3d7f48be6477f46c6e0e57161d598fdb554e8fb_flash_display_Sprite" mod="1459953879506" signatureChecksum="3419896247" >
        <def id="_531c316e7609249e3be05860e3d7f48be6477f46c6e0e57161d598fdb554e8fb_flash_display_Sprite" /> 
        <dep id="flash.system:Security" type="e" /> 
        <dep id="AS3" type="n" /> 
        <dep id="flash.display:Sprite" type="i" /> 
      </script>
      <script name="com/mbxdigital/ane/TorchControl/TorchControlController" mod="1459953534000" signatureChecksum="2552201098" >
        <def id="com.mbxdigital.ane.TorchControl:TorchControlController" /> 
        <dep id="AS3" type="n" /> 
        <dep id="flash.events:EventDispatcher" type="i" /> 
        <dep id="Object" type="i" /> 
      </script>
      <digests>
        <digest type="SHA-256" signed="false" value="72be25553ed735f1f4bb6ccc75e7f3fa2ed09ad1455f461a0e5d92691144e15b"   />
      </digests>
    </library>
  </libraries>
  <files>
  </files>
</swc>
