<?xml version="1.0" encoding ="utf-8"?>
<swc xmlns="http://www.adobe.com/flash/swccatalog/9">
  <versions>
    <swc version="1.2" />
    <flex version="4.6.0" build="23201" minimumSupportedVersion="3.0.0" />
  </versions>
  <features>
    <feature-script-deps />
    <feature-files />
  </features>
  <libraries>
    <library path="library.swf">
      <script name="com/mbxdigital/ane/TorchControl/events/TorchControlEvent" mod="1459937596000" signatureChecksum="827282843" >
        <def id="com.mbxdigital.ane.TorchControl.events:TorchControlEvent" /> 
        <dep id="AS3" type="n" /> 
        <dep id="flash.events:Event" type="i" /> 
      </script>
      <script name="_5dabcfc86588c208c0418187d26371154c24e71510590f57d8ed7d5e40e2962c_flash_display_Sprite" mod="1459953574620" signatureChecksum="1491564743" >
        <def id="_5dabcfc86588c208c0418187d26371154c24e71510590f57d8ed7d5e40e2962c_flash_display_Sprite" /> 
        <dep id="flash.system:Security" type="e" /> 
        <dep id="AS3" type="n" /> 
        <dep id="flash.display:Sprite" type="i" /> 
      </script>
      <script name="com/mbxdigital/ane/TorchControl/TorchControlController" mod="1459953470000" signatureChecksum="3566114384" >
        <def id="com.mbxdigital.ane.TorchControl:TorchControlController" /> 
        <dep id="flash.external:ExtensionContext" type="e" /> 
        <dep id="Error" type="e" /> 
        <dep id="flash.events:StatusEvent" type="s" /> 
        <dep id="flash.external:ExtensionContext" type="s" /> 
        <dep id="AS3" type="n" /> 
        <dep id="flash.events:EventDispatcher" type="i" /> 
        <dep id="Object" type="i" /> 
      </script>
      <digests>
        <digest type="SHA-256" signed="false" value="6445c8bee3879ead73017a7ef13ca46dd7a12c6394ed84fbe777e09b423ca06d"   />
      </digests>
    </library>
  </libraries>
  <files>
  </files>
</swc>
